{
    "Global_Position": {
        "gyro_rad[0]": {
            "safe_min": -0.290259,
            "safe_max": 0.290619
        },
        "gyro_rad[1]": {
            "safe_min": -0.185622,
            "safe_max": 0.185558
        },
        "gyro_rad[2]": {
            "safe_min": -0.153104,
            "safe_max": 0.154041
        },
        "accelerometer_m_s2[0]": {
            "safe_min": -2.895807,
            "safe_max": 2.747831
        },
        "accelerometer_m_s2[1]": {
            "safe_min": -2.165109,
            "safe_max": 2.36717
        },
        "accelerometer_m_s2[2]": {
            "safe_min": -11.985439,
            "safe_max": -7.664656
        },
        "baro_alt_meter": {
            "safe_min": -33.718572,
            "safe_max": -14.262401
        },
        "baro_pressure_pa": {
            "safe_min": 101496.386972,
            "safe_max": 101730.615875
        },
        "baro_temp_celcius": {
            "safe_min": 48.082073,
            "safe_max": 48.825471
        },
        "q[0]": {
            "safe_min": 0.580871,
            "safe_max": 0.88226
        },
        "q[1]": {
            "safe_min": -0.014184,
            "safe_max": 0.013524
        },
        "q[2]": {
            "safe_min": -0.019652,
            "safe_max": 0.00601
        },
        "q[3]": {
            "safe_min": 0.307621,
            "safe_max": 1.002117
        },
        "output[0]": {
            "safe_min": 1617.329242,
            "safe_max": 2188.537346
        },
        "output[1]": {
            "safe_min": 1497.767188,
            "safe_max": 1987.66848
        },
        "output[2]": {
            "safe_min": 1609.064588,
            "safe_max": 2173.709523
        },
        "output[3]": {
            "safe_min": 1458.839286,
            "safe_max": 1923.63813
        },
        "output[4]": {
            "safe_min": 1632.486694,
            "safe_max": 2210.995623
        },
        "output[5]": {
            "safe_min": 1481.039414,
            "safe_max": 1965.899297
        },
        "output[6]": {
            "safe_min": 1594.441886,
            "safe_max": 2151.453564
        },
        "output[7]": {
            "safe_min": 1473.883104,
            "safe_max": 1946.754766
        },
        "x": {
            "safe_min": -0.599439,
            "safe_max": 0.853488
        },
        "y": {
            "safe_min": -1.797238,
            "safe_max": 6.025138
        },
        "z": {
            "safe_min": -4.156617,
            "safe_max": -0.84873
        },
        "vx": {
            "safe_min": -0.215253,
            "safe_max": 0.228131
        },
        "vy": {
            "safe_min": -0.406775,
            "safe_max": 0.390548
        },
        "vz": {
            "safe_min": -0.333072,
            "safe_max": 0.305974
        },
        "ax": {
            "safe_min": -2.272095,
            "safe_max": 2.263596
        },
        "ay": {
            "safe_min": -2.81794,
            "safe_max": 2.78626
        },
        "az": {
            "safe_min": -2.18591,
            "safe_max": 2.168791
        }
    },
    "Altitude": {
        "gyro_rad[0]": {
            "safe_min": -0.500531,
            "safe_max": 0.501171
        },
        "gyro_rad[1]": {
            "safe_min": -0.547359,
            "safe_max": 0.545841
        },
        "gyro_rad[2]": {
            "safe_min": -0.244141,
            "safe_max": 0.2741
        },
        "accelerometer_m_s2[0]": {
            "safe_min": -4.203769,
            "safe_max": 3.958903
        },
        "accelerometer_m_s2[1]": {
            "safe_min": -5.983593,
            "safe_max": 5.928455
        },
        "accelerometer_m_s2[2]": {
            "safe_min": -15.007814,
            "safe_max": -4.58949
        },
        "baro_alt_meter": {
            "safe_min": -45.610906,
            "safe_max": 87.691775
        },
        "baro_pressure_pa": {
            "safe_min": 100275.776491,
            "safe_max": 101870.569442
        },
        "baro_temp_celcius": {
            "safe_min": 39.984756,
            "safe_max": 61.334942
        },
        "q[0]": {
            "safe_min": -0.742512,
            "safe_max": 1.455395
        },
        "q[1]": {
            "safe_min": -0.044483,
            "safe_max": 0.053933
        },
        "q[2]": {
            "safe_min": -0.058776,
            "safe_max": 0.050404
        },
        "q[3]": {
            "safe_min": -0.255118,
            "safe_max": 1.487682
        },
        "output[0]": {
            "safe_min": 1041.558139,
            "safe_max": 2132.155859
        },
        "output[1]": {
            "safe_min": 1035.659838,
            "safe_max": 2137.309878
        },
        "output[2]": {
            "safe_min": 1035.64334,
            "safe_max": 1985.206866
        },
        "output[3]": {
            "safe_min": 1035.538874,
            "safe_max": 1997.935517
        },
        "output[4]": {
            "safe_min": 1044.114534,
            "safe_max": 2122.648473
        },
        "output[5]": {
            "safe_min": 1048.703898,
            "safe_max": 2130.888816
        },
        "output[6]": {
            "safe_min": 1028.955959,
            "safe_max": 1999.020415
        },
        "output[7]": {
            "safe_min": 1024.66085,
            "safe_max": 2001.947344
        },
        "x": {
            "safe_min": -4.270405,
            "safe_max": 3.957574
        },
        "y": {
            "safe_min": -6.577708,
            "safe_max": 8.510367
        },
        "z": {
            "safe_min": -5.197181,
            "safe_max": 3.511967
        },
        "vx": {
            "safe_min": -0.741616,
            "safe_max": 0.793363
        },
        "vy": {
            "safe_min": -1.052922,
            "safe_max": 1.0887
        },
        "vz": {
            "safe_min": -0.445393,
            "safe_max": 0.675073
        },
        "ax": {
            "safe_min": -5.657941,
            "safe_max": 5.582476
        },
        "ay": {
            "safe_min": -4.638091,
            "safe_max": 4.553696
        },
        "az": {
            "safe_min": -5.321503,
            "safe_max": 5.319687
        }
    },
    "Mechanical": {
        "gyro_rad[0]": {
            "safe_min": -0.545586,
            "safe_max": 0.545887
        },
        "gyro_rad[1]": {
            "safe_min": -0.335603,
            "safe_max": 0.335448
        },
        "gyro_rad[2]": {
            "safe_min": -0.207674,
            "safe_max": 0.209888
        },
        "accelerometer_m_s2[0]": {
            "safe_min": -1.922015,
            "safe_max": 1.771235
        },
        "accelerometer_m_s2[1]": {
            "safe_min": -1.815217,
            "safe_max": 1.116175
        },
        "accelerometer_m_s2[2]": {
            "safe_min": -12.155071,
            "safe_max": -7.484639
        },
        "baro_alt_meter": {
            "safe_min": -27.404034,
            "safe_max": 92.85634
        },
        "baro_pressure_pa": {
            "safe_min": 100213.214555,
            "safe_max": 101652.898761
        },
        "baro_temp_celcius": {
            "safe_min": 31.863746,
            "safe_max": 51.62405
        },
        "q[0]": {
            "safe_min": -0.362964,
            "safe_max": 1.060607
        },
        "q[1]": {
            "safe_min": -0.026442,
            "safe_max": 0.047897
        },
        "q[2]": {
            "safe_min": -0.035873,
            "safe_max": 0.061634
        },
        "q[3]": {
            "safe_min": 0.575841,
            "safe_max": 1.134091
        },
        "output[0]": {
            "safe_min": 1171.929163,
            "safe_max": 2100.550332
        },
        "output[1]": {
            "safe_min": 1182.228914,
            "safe_max": 2204.060745
        },
        "output[2]": {
            "safe_min": 1177.428612,
            "safe_max": 2070.982762
        },
        "output[3]": {
            "safe_min": 1202.34616,